date,2171,2459,2250,698,2114,293,9,776,138,2254,1771,2037,2019,2147,348,1158,1252,405,58,2683,702,1772,461,169,699,743,1215,2655,2399,2043,413,2249,366,2727,2009,1664,133,2012,992,137,141,576,2478,1998,744,2360,2276,72,527,772,275,2383,2672,80,534,1939,1020,1798,34,442,2277,1655,2065,1965,1679,884,2348,1788,2062,70,2007
2019-01-01,,,,0.0506,0.0509999999999999,0.015500000000000002,-0.0211,0.0119792,,0.040705000000000005,,0.008,-0.0007999999999999999,,-0.0077,-0.0116,-0.0086,,0.1109,0.0546052,0.0225,,0.03447898,0.0019000000000000002,,,0.05726599,0.03390568,,,-0.0031,0.061900000000000004,0.0521,,0.046113520000000005,0.01532989,0.020499999999999997,,0.04739092,0.09369999999999999,,-0.0181,0.07604709999999999,0.0454,,0.006,0.00316923,,,0.001,0.11389999999999989,0.14120000000000002,,0.09498123,,,0.0189,-0.00015310999999999992,,0.020995999999999997,0.07832986,,,0.0120999999999999,,0.043000000000000003,0.0166999999999999,0.013000000000000001,0.0243,,0.04151498
2019-02-01,,,,0.0418,0.036199999999999996,0.0026999999999999997,0.0162,-0.003953089999999999,,0.047626999999999996,,0.0049,0.1092,,0.0209999999999999,0.031200000000000002,0.0031,,0.031200000000000002,0.029597010000000003,0.0079,,0.01521266,0.004200000000000001,,,0.01778844,-0.0173930199999999,,,-0.0046,-0.006200000000000001,-0.0136,,0.00905362,-0.0010737400000000001,0.0082,,0.032612699999999994,0.0474,,-0.0068000000000000005,0.01630986,0.0095999999999999,,-0.004699999999999999,-0.00553532,,,0.0095999999999999,0.0387,0.0231,,0.033037449999999996,,,0.0121999999999999,0.0223217099999999,,0.0097199999999999,0.02311423,,,0.0031,,-0.0074,0.023,0.0115,0.0123,,0.007829240000000001
2019-03-01,,,,0.0146,0.021899999999999902,0.0051999999999999,0.0161,0.013129759999999999,,0.0005269999999999999,,0.0023,0.028300000000000002,,0.0761,0.1143,-0.0045,,0.0221,0.03628054,0.0224,,0.010398639999999999,-0.0109,,,0.017911840000000002,-0.01143855,,,0.0099999999999999,-0.0012000000000000001,-0.0246999999999999,,0.010520199999999999,-0.01694982,0.005099999999999901,,0.01538089,-0.044,,0.0251,-0.006401329999999999,-0.0010999999999999998,,-0.0209,-0.0222831,,,0.008499999999999999,0.0,-0.0162,,0.02303902,,,-0.0679,-0.00274123,,0.001292,0.0073421599999999995,,,0.0,,0.011899999999999999,-0.0009,0.0018000000000000002,0.0107,,0.009389169999999999
2019-04-01,,,,-0.060899999999999996,0.0231,0.0186,-0.0160999999999999,0.005157,,0.027046999999999998,,0.013800000000000002,0.2713,,0.0663,0.09899999999999999,0.0088,,0.0679,0.05141463,0.023299999999999998,,-0.00525663,0.0009000000000000002,,,-0.0005651299999999998,0.07247215,,,-0.0063,-0.0097,-0.0121,,0.013894040000000002,-0.00425,0.005300000000000001,,0.0313370499999999,0.0521,,0.023899999999999998,0.058962560000000004,0.0068000000000000005,,-0.0248999999999999,0.037315350000000004,,,0.013800000000000002,0.0431,-0.0622,,0.05724142,,,0.019899999999999998,0.007793710000000001,,0.008778000000000001,0.05887224,,,-0.004,,0.0345,0.029099999999999997,0.0086,0.0039000000000000003,,0.0143881
2019-05-01,,,,-0.1048,-0.033499999999999995,0.0007999999999999999,0.014900000000000002,0.02016912,,-0.030164,,0.0135,0.4119,,-0.0713,-0.1064999999999999,0.0325,,-0.0631,-0.03547988,0.016499999999999997,,0.00401051,-0.0051,,,0.010609180000000001,-0.07054514,,,0.006099999999999901,0.0153,0.004399999999999999,,-0.0217355,0.01177855,-0.0039,,-0.029404040000000003,-0.0317,,0.0249,-0.053091499999999896,0.006500000000000001,,0.005900000000000001,-0.00716263,,,-0.0033,-0.0338,-0.0081999999999999,,-0.06424325,,,-0.0401,0.01410986,,-0.0011939999999999997,-0.049357279999999996,,,0.0045000000000000005,,-0.025,-0.0162,-0.009,-0.0159,,-0.02302275
2019-06-01,,,,0.1472,0.031999999999999994,0.0024,-0.0068000000000000005,-0.00906134,,0.036872999999999996,,-0.0123,0.007000000000000001,,0.053899999999999997,0.0805,0.0338,,0.0722,0.05883209,0.014000000000000002,,0.01290751,-0.0118,,,0.03564157,0.0350792,,,0.0095,-0.0087,0.0383999999999999,,0.0214518,-0.01676454,0.0052999999999999,,0.032223249999999995,0.0315,,0.0022,0.059084649999999996,0.013300000000000001,,0.004,-0.0034689499999999,,,0.004699999999999999,0.060099999999999994,0.0988,,0.0710487,,,0.0202,-0.00793422,,-0.0053089999999999995,0.041090059999999894,,,0.0004000000000000002,,0.0265999999999999,0.021500000000000002,0.005199999999999901,0.0035,,0.02166495
2019-07-01,,,,0.0356999999999999,0.011,0.0073999999999999995,-0.0179,0.00441051,,0.008959,,0.0056,-0.06609999999999999,,0.0494999999999999,0.074,0.005,,-0.0059,0.0493579799999999,0.0283999999999999,,0.024451860000000002,0.0341,,,0.03585834,0.0034950200000000006,,,0.014999999999999998,0.0012,0.016,,0.0096867,0.03880448,0.006000000000000001,-0.0109,0.0175895,0.016200000000000003,,0.0031000000000000003,-0.00980394,-0.011600000000000001,,0.0009999999999999998,-0.011117649999999901,,,0.0036,0.0112,0.028799999999999902,,0.01998583,,,0.0181,-0.00646782,,0.017635,0.018659500000000002,,,-0.0023,-0.0024099999999999,-0.0023,0.0058000000000000005,0.0086,0.0165,,0.00808331
2019-08-01,,,,-0.1073,0.009899999999999999,0.0049,0.016399999999999998,0.00438589,,0.003717,,-0.0063999999999999994,-0.0523,,0.0831,0.1239,0.016399999999999998,,-0.0646,-0.010021160000000001,0.0133,,0.016665839999999998,0.0073999999999999995,,,0.016681929999999998,-0.051601509999999996,,-0.0044,0.0118,-0.014100000000000001,-0.0195,,-0.015611680000000001,-0.01492043,0.0014999999999999998,0.009399999999999999,0.01251886,-0.0231,,0.0454,-0.01641297,0.0,,-0.0247,-0.0022761699999999,,,0.007899999999999999,0.0053999999999999005,-0.0428999999999999,,-0.012681550000000002,,,-0.0066,0.01852359,,-0.007115,-0.0086620799999999,,,0.0047,-0.0224106,-0.0179,-0.0006000000000000001,0.0024000000000000002,0.007500000000000001,,-0.01379208
2019-09-01,,,,-0.1729,-0.0327302799999999,-0.0078,0.0092,0.004433619999999999,,0.02542,,0.0007000000000000001,-0.07379999999999999,,-0.046900000000000004,-0.06989999999999999,0.0227,,0.0022,-0.02304053,0.0184,,-0.00064871,0.0002000000000000001,,,0.0022059499999998997,0.01119623,,-0.0263,-0.0121,-0.00019999999999999987,0.039,,-0.00292784,-0.0009887899999999998,0.0026999999999999997,0.0032,-0.032537689999999904,0.001,,0.0012000000000000001,0.0272256299999999,0.009000000000000001,,-0.018099999999999998,0.00329191,,,0.0007000000000000001,0.005600000000000001,-0.0568999999999999,,0.00969569,,,0.0082,-0.00817674,,-0.004216,0.036073469999999996,,,0.0004000000000000002,0.017327600000000002,-0.0029,0.013300000000000001,0.0071,0.014000000000000002,,-0.0047041299999999
2019-10-01,,,,0.059,0.0200553099999999,0.0036000000000000003,-0.0115,0.00082313,,0.032355999999999996,,-0.017899999999999902,0.0431,,-0.0603,-0.0907,0.037399999999999996,,0.028499999999999998,-0.01046562,0.0145,,0.01269924,0.028499999999999998,,,0.02072884,0.005101939999999999,,-0.0089,-0.0034000000000000002,0.0091,0.048799999999999996,,-0.01013772,0.053275659999999996,-0.00030000000000000014,0.0185,0.0248016799999999,-0.0116,,0.0355,0.04065034,0.0091,,-0.0136999999999999,0.00217014,,,-0.00030000000000000014,-0.0248999999999999,0.06319999999999999,,0.023580379999999998,,,0.0255,-0.0032233499999999,,0.0028229999999999996,0.01779488,,,0.0005,0.0219608,0.0128,0.017599999999999998,0.0048000000000000004,0.0101999999999999,,-0.00846489
2019-11-01,,,,0.0486,0.019,0.0101,0.0078,-0.015246919999999999,,0.0025659999999999997,,0.0086,-0.055,,0.009000000000000001,0.0134,0.0294999999999999,,0.0518,0.03680717,0.0097,,0.0115585299999999,0.0127999999999999,,,0.020836630000000002,0.0314332099999999,,-0.0406,0.0068000000000000005,0.0089,-0.028999999999999998,,0.02203462,-0.0034095799999999997,0.0016,0.0008000000000000001,0.02310678,0.0409,,0.0188,0.019798220000000002,0.0054,,0.0058999999999999,-0.0178022,,,0.0028999999999999,0.0371,0.1285,,0.045271070000000004,,,-0.0072,-0.01171741,,0.009963,0.0319131,,,0.0114,0.0016899,0.0179,0.0157,0.0084,0.004200000000000001,,0.02105269
2019-12-01,,,,0.09559999999999991,0.0032999999999998994,0.014299999999999998,0.0055999999999999,0.0104250499999999,,0.021454,,0.0339,-0.0393,,-0.0083999999999999,-0.0126,0.0417,,0.033600000000000005,-0.0018734799999999999,0.0141,,-0.02127057,0.0366,,,-0.02121248,0.022352510000000003,,-0.0104,0.006500000000000001,0.0112,0.0582,,0.00928566,0.01858862,0.0069,0.018600000000000002,0.00552798,0.0083,,0.0086,0.06063177,0.0262,,0.0296,0.015893860000000003,,,0.0111,0.0783,0.049300000000000004,,0.04326505,,,0.048600000000000004,-0.01429602,,0.018595,0.04250586,,,0.0130999999999999,-0.0070849,0.0344,0.0071,0.013,0.0246,,0.0073322599999998996
2020-01-01,,,,0.018600000000000002,0.0164,0.03190531,0.011699999999999999,-0.02523692,,-0.076959,,0.02598011,0.2023,,0.0021999999999999,0.0033,-0.0174,,0.007699999999999999,0.009051239999999999,0.0224,,0.018707690000000003,0.0247,,,0.019449710000000002,0.038797609999999996,,0.0938999999999999,0.0078000000000000005,0.009899999999999999,0.0063,,0.0017837,0.0221070199999999,0.006600000000000001,-0.0163,0.019708840000000002,-0.017499999999999998,,-0.0243,0.024983230000000002,-0.0463,,-0.013399999999999999,0.02742315,,,0.0178,0.006,-0.043300000000000005,,0.030070219999999998,,,0.0207,0.011954200000000002,,0.006525,0.03577367,,,0.007,0.010930599999999999,0.009600000000000001,0.013000000000000001,0.0065,0.010700000000000001,,0.0036466700000000003
2020-02-01,,,,-0.0537,-0.04559756,0.0140132,0.0168,-0.029618929999999998,,-0.069455,,-0.0157483199999999,0.0056,,-0.0399,-0.0605,-0.041299999999999996,,-0.0412,-0.05756591,0.0273,,-0.02816495,-0.0012,,,-0.02817413,-0.05796754,,0.08299999999999999,0.0196,0.0018000000000000002,-0.0026,,-0.02595845,-0.03423783,-0.0028,0.0118,-0.04929727,-0.0316,,0.005799999999999901,-0.03337179,-0.0214,,-0.0110999999999999,0.0181811399999999,,,0.0069999999999999,0.07719999999999999,-0.033,,-0.06925882000000001,-0.0091379999999999,,0.0288,0.0221075,,-0.002636,-0.02738443,,,0.0083,-0.019397,-0.0433,0.0064,-0.012799999999999999,-0.0358,,-0.02541166
2020-03-01,,,,-0.066,-0.09527247000000001,-0.01778235,0.06979999999999999,-0.0578443899999999,,-0.215419,,-0.22354778,-0.037,0.27939800000000004,-0.0309,-0.0479999999999999,0.0865999999999999,,-0.1462,-0.14515863,0.0418,,-0.11538148000000001,-0.1822,,,-0.18095684,-0.15500732,,0.058,-0.0972999999999999,-0.0101,0.0228,,-0.0583911099999999,-0.10962388,-0.0898,-0.06620000000000001,-0.08916900000000001,-0.2218,,-0.0452,-0.1713237599999999,-0.1459,,-0.024399999999999998,0.01423364,,,-0.1159,-0.0911,-0.14880000000000002,,-0.14285008000000002,-0.034573,,0.1348,0.26649466,,0.0001139999999999002,-0.1726989599999999,,,-0.0253,2.570000000000003e-05,-0.051,-0.1159,-0.06720000000000001,-0.2986,,-0.05006815
2020-04-01,,,,0.2298,0.04291391,-0.01630997,-0.006,-0.0077909799999999,,0.236225,,0.04380161,0.1119999999999999,0.024103,0.0233,0.0345,0.0263,,0.127,0.0805047399999999,0.0331,,0.0438734999999999,0.222,,,0.07042201,0.05684562,,-0.009,0.0499,0.0019,0.0301,,0.03647979,0.08976004,0.0569,0.132,0.04379647,0.0248,-0.00179,-0.021,0.10099168,0.0141999999999999,,0.0246,0.00991061,,,-0.0105,0.063,0.1699,,0.11094632,0.007226,,-0.015,0.00196981,,-0.019108,0.10890938,0.0964,,0.0313,0.0182944,0.0236,-0.006,0.0428,0.1047,,0.03387696
2020-05-01,,,,0.0263,0.03500287,0.008721630000000001,0.0239,-0.01620089,,0.11025599999999999,,0.08476143,0.0007999999999999999,-0.009210999999999999,-0.0177,-0.0288,0.0115,,0.060899999999999996,0.07796779999999989,0.033499999999999995,,0.02383659,-0.0121,,,0.03698053,0.10177575,,-0.009099999999999999,0.0140999999999999,-0.010499999999999999,0.0218,,0.02265346,0.03097468,0.022600000000000002,0.0129,0.03803707,-0.008,0.038919999999999996,0.0068999999999999,0.10565498,-0.0056,,0.0023,0.02588323,,,0.055099999999999996,0.049599999999999894,0.1091,,0.05609186,-0.006468000000000001,,0.0149,0.014403200000000001,,0.045808999999999996,0.09247889999999989,0.07629999999999999,,0.0191999999999999,0.0187286,0.0105,0.0307999999999999,0.034499999999999996,-0.013399999999999999,,0.020804140000000002
2020-06-01,,,,0.0066,0.02311358,0.00448564,0.0138999999999999,0.03948081,,-0.01477,,0.06536093,-0.0333,0.072685,-0.0064,-0.009399999999999999,-0.0385,,0.0179,0.044227159999999995,0.0203999999999999,,0.02526892,0.1549,,,0.03147058,0.045474179999999996,,0.0182,0.015300000000000001,0.0181,0.055899999999999894,,-0.00607015,0.02060932,0.0732,0.0089,0.02713534,0.056699999999999896,0.03347,0.0138999999999999,0.046586319999999896,0.0043,,0.0211,0.01487224,,,0.0346,0.0583,0.007699999999999999,,0.024431790000000002,-0.005196,,0.0109,0.02725286,,0.0082579999999999,0.035132899999999995,0.0672,,0.024,-0.0002427,0.0351,0.050099999999999895,0.0211,0.0176,,-0.0064752299999999005
2020-07-01,,,,0.0259,0.05107751,-0.009674269999999999,0.020900000000000002,-0.03832891,-0.0408,-0.019521999999999998,,0.01925379,0.1842,0.041939,0.0789,0.1182,0.039299999999999995,,0.055899999999999894,0.02144091,0.0035,,0.02110793,-0.2511,,,0.02187798,0.12818096,,0.0080999999999999,0.0091,0.0351,0.0088,,-0.014038469999999999,-0.00018982,0.0307999999999999,0.0189,0.05905675,-0.0328,0.0086,0.0089,0.11307705,0.0236999999999999,,0.0353,0.05067982,,,-0.0019,0.0933,-0.0374,,0.046600369999999995,0.0165629999999999,,0.0389,-0.02531939,,0.018317,0.0631653,-0.012799999999999999,,0.0231,0.0023841,0.0205,0.0219999999999999,0.0134,0.0196,,-0.01053017
2020-08-01,,,,0.0955,0.046350079999999995,-0.00641479,-0.0311,-0.02485208,0.060499999999999894,0.099495,,0.034651949999999994,0.0499,-0.004647,0.00019999999999999998,0.00030000000000000003,-0.0077,,0.11689999999999989,0.05589474,0.0117999999999999,,0.00449563,0.0239,,,0.024215940000000002,0.10856186,,0.0193,0.0004,0.0172,0.0,,0.03702004,0.02448935,0.0080999999999999,0.0089,0.048468989999999997,0.0528,0.0211599999999999,0.0059,0.07627895999999999,-0.0014,,-0.0813,0.01039175,,,0.0184,0.0491,0.0399,,0.06544317,-0.014334999999999999,,0.036899999999999995,0.0061549699999998994,,0.002216,0.06567362,0.0257,,0.0108,-0.0005177000000000001,0.021500000000000002,0.0314,0.009600000000000001,0.036399999999999995,,0.03027465
2020-09-01,,,,0.008700000000000001,-0.01143688,-0.0008172099999999,0.0278999999999999,0.007919180000000001,-0.057100000000000005,0.004801,,0.010400000000000001,-0.0463,0.013284,-0.0422,-0.0643,0.0267,,-0.0051,0.008827690000000001,-0.011099999999999999,,0.009887340000000001,0.1089,,,0.0031044499999999,-0.01541411,,0.0086,0.0182,-0.0047,-0.042,,-0.00392293,-0.012695149999999999,0.0296,-0.0211,-0.0114572899999999,-0.02,-0.0019599999999998998,-0.0191,-0.01635894,-0.016999999999999998,,-0.017499999999999998,0.009642290000000001,0.0167,,0.0082,0.0282999999999999,0.0435,,-0.038933890000000006,-0.0033819999999999,,-0.0301,0.00778373,,0.006554,0.00103798,-0.0174,,0.0207,-0.0069291000000000005,-0.0217,-0.0005,-0.0013,0.0042,,0.00039597
2020-10-01,,,,0.14250000000000002,-0.02585637,0.00862563,0.0039000000000000003,-0.031429450000000005,0.1839,-0.0254469999999999,,0.005399999999999999,0.1225999999999999,0.011508000000000001,-0.0186,-0.0277,0.0024000000000000002,,-0.0521,-0.02197008,0.0176,,-0.018799049999999998,-0.034100000000000005,,,-0.02203333,0.037500009999999896,,-0.011799999999999899,0.0137,0.0307999999999999,-0.0057,,-0.0023803099999999996,0.01130361,-0.009,0.0019,-0.0220358999999999,0.13790000000000002,0.039,0.0068999999999999,0.01926065,0.005699999999999999,,-0.035100000000000006,0.028800120000000002,0.0115999999999999,,-0.0112,0.0914,-0.0269,,-0.018134749999999998,-0.0036119999999999998,,-0.009099999999999999,0.00199077,,0.0152689999999999,0.02534914,-0.0637,,0.0079,0.0089181999999999,0.005599999999999899,-0.0034999999999999996,0.0115999999999999,0.0206,,-0.00161816
2020-11-01,,,,0.1715,0.0277859199999999,0.00537668,-0.0051,0.09591219,0.2086,0.315494,,0.048999999999999995,0.3094,0.072839,0.0479,0.0718,0.008,,0.1668999999999999,0.07594076999999999,0.008400000000000001,,0.00254759,0.0919,,,0.007330779999999999,0.16794499000000002,,0.005399999999999999,0.0431,0.0109,0.0303,,0.09739707,0.07491471999999999,0.0952999999999999,0.0309,0.025140930000000002,0.15300000000000002,0.07944,0.0288999999999999,0.16222001,0.12269999999999989,,-0.0047999999999999,0.04809803,-0.008199999999999999,0.061299999999999896,0.0275,0.1356,0.0633,,0.11486953999999999,-0.028935,,0.13290000000000002,0.01847511,,0.028232,0.13563391000000002,0.275,,0.038599999999999995,0.0300301,0.046299999999999994,0.059699999999999996,0.0301999999999999,0.0453,,0.08647337
2020-12-01,,,,0.0070999999999999995,0.0129362,0.0220805,0.0288999999999999,0.04470494,0.1221,0.042385,,0.036399999999999995,0.223,0.028314,0.0838,0.1277,0.043899999999999995,,0.0959,0.012749980000000001,0.0152,,0.044617919999999894,0.1688999999999999,,,0.06540473,0.09085415,,-0.002,0.027800000000000002,0.0126,0.0303,,0.02341686,0.08384664,0.11349999999999989,0.0199,0.01559532,0.0744,0.02706,0.055899999999999894,0.06414446,0.050399999999999896,,0.0024000000000000002,0.04316892,-0.0104,0.0218,0.0257,0.1143,0.0475999999999999,,0.06032028,0.020035,,0.0619,0.00638943,,0.018734,0.039756759999999995,0.1209,,0.037599999999999995,0.0020806,0.059599999999999896,0.0142,0.0177,0.0249999999999999,,0.02108971
2021-01-01,,,,-0.2047,-0.05608208,-0.02243951,-0.004,-0.05160813,0.0599,-0.000575,,0.0344,0.1696,-0.016442,-0.0025,-0.0038,-0.0314,,-0.024,-0.03372019,0.0069,,0.00299522,0.178,,,0.00582621,-0.02332313,,0.004,0.0064,0.0187999999999999,-0.0146,0.0037,-0.02501117,0.0545455199999999,0.0947,-0.01,-0.0576015,0.0475,0.02941,0.0139999999999999,-0.02421149,-0.00615136,,0.0189,-0.03025507,-0.0113999999999999,0.022,0.0314,0.1098,0.0132,,-0.03271486,0.00528,,-0.002,0.0110582399999999,,0.006555,-0.01825532,-0.0584,,-0.0013,-0.0037824,0.0037,-0.0004,0.02,0.0202,,-0.01856875
2021-02-01,,,-0.0066,0.0268,0.04849853,0.02324849,0.011,0.0173072399999999,0.1957,0.0931279999999999,,0.0088,0.2395,0.053922,0.0431,0.0650999999999999,0.0154,,0.177,0.03484963,0.0125,,-0.002442,0.046,,,0.0005618999999999,-0.02810196,,0.0168,0.0043,0.009,0.0107,0.0327999999999999,0.0680002,0.0362513,0.0250999999999999,0.051,0.0472139699999999,0.1110999999999999,0.05476,0.006,-0.0248442,0.04696561,,-0.0274,0.04553766,0.0040999999999999,0.0596999999999999,0.0127,-0.033,0.0056999999999999,,0.05072977,0.018736,,0.092,0.002185,,-0.0008169999999999,-0.0212264099999999,0.1077999999999999,,0.0406,-0.0197396,0.0169,0.021,0.0113,0.0137,,0.05690269
2021-03-01,,,0.0141,-0.0653,0.02187569,-0.00908864,0.024,0.0449076599999999,0.1012,-0.000561,,-0.0038,-0.0028,0.014843,-0.0039,-0.0059,0.0352,,-0.037,0.03870231,-0.0051,,0.0473372399999999,-0.093,,,0.05157526,0.0681753599999999,,0.0501,-0.0001,0.013,0.0121999999999999,0.0005,0.04231997,0.00576331,-0.0584,-0.0139999999999999,0.02216778,0.065,0.03413,-0.002,0.06364193,0.02132647,,0.0516999999999999,0.03902207,0.0151,0.0018,-0.0014,0.0019,0.0363,,0.03459132,0.008941,,0.001,0.01821017,,0.0029249999999999,0.09281669,0.0608999999999999,,0.0222,0.0090814,-0.0021,0.0207,0.0028,0.0306,,0.03119271
2021-04-01,,,0.0143,0.0294,0.04328762,0.00940061,0.0139999999999999,0.04737807,0.0608,0.051377,,0.0135,0.0549,-0.003699,0.0062,0.0091,-0.0012,,0.059,0.05180656,0.0037,,0.0186073,0.0289999999999999,,,0.0187832299999999,0.01781112,,-0.0103,0.0271,0.0009,0.0166,0.0179,0.02930822,0.05606989,0.0279999999999999,0.022,0.0504227799999999,0.0496,0.03418,0.105,0.0337317,0.03831352,,-0.0175,-0.00062652,0.0158,0.001,0.0056,-0.0552,0.0168,,0.06256883,0.015863,,0.012,0.0014177699999999,,0.005149,0.01064634,0.0279,,0.0013,0.0178876,-0.0034999999999999,0.0165,0.0056999999999999,0.0408,,0.01597427
2021-05-01,,,0.0083,-0.0106,-0.00329625,-0.00692069,0.009,0.03389118,0.0491,0.043176,,0.0096,0.0291,0.0013009999999999,0.0218,0.0329,-0.0168,,-0.018,-0.01258905,0.0055,,0.01020183,-0.013,0.0052,,0.01400307,0.02245581,,0.0086,-0.0025,0.0186,0.013,0.0143,0.03176084,0.00085137,-0.0096,-0.011,0.00180829,0.0308999999999999,0.01433,-0.003,0.01474344,0.0181382899999999,,-0.0218,0.0155415,0.0011,-0.0017,0.0025,-0.0612,-0.0106,,-1e-08,0.008635,,0.005,0.00347736,,-0.000317,-0.00143263,0.0513,,0.0066,0.0086585,0.0233,0.0077,0.0063,0.032,,0.0281523399999999
2021-06-01,,,0.008,-0.0286,0.00582885,-0.0084117699999999,-0.005,0.01015916,-0.0423,-0.000456,,0.0139,-0.1036,-0.032857,-0.0277,-0.0416,0.0046999999999999,,0.016,0.02919832,0.0107,,-0.00302407,0.008,-0.0002,,0.00133608,-0.02869472,,0.0157,0.0001,0.0091,0.0174,-0.0069999999999999,0.01252852,0.0031228299999999,0.0173,0.051,8.214000000000001e-05,-0.0046999999999999,0.00639,0.061,-0.01902293,-0.00666528,,-0.0134,-0.03787505,0.0194,0.0202,0.0081,0.0896,0.0504,,0.01500132,-0.001264,,-0.0069999999999999,-0.0129312,,-0.000201,0.0128596,0.0151,,-0.0059,-0.0116331,0.0098,0.0009,0.0044,0.0212,,0.00250288
2021-07-01,,,0.0019,-0.0473,0.00982286,0.01382372,0.019,0.02782434,-0.0015,0.013939,,0.0039,0.074,-0.013159,0.0138,0.0202,-0.0212,,-0.0069999999999999,-0.0030043599999999,0.0153,,0.01660014,0.001,-0.0256,,0.01964032,0.01541428,,-0.0365,0.0032,0.0214,-0.0344,0.0111,0.0189642,-0.04416775,0.004,-0.019,0.01087851,0.0208,-0.00248,-0.018,0.01910253,0.03261398,,0.012,-0.02692182,0.0084,0.0196,0.003,-0.0465,-0.0138,,0.03746579,0.010335,,-0.025,0.00305429,,0.001763,0.017268,0.0338,,-0.0279,-0.0096584,-0.0021,0.0058,0.0004,0.0056,,0.01150946
2021-08-01,,,0.0412999999999999,-0.0013,0.0124,0.00981076,0.004,0.0073059399999999,0.0528,0.053493,,0.0113999999999999,0.1632,-0.0368449999999999,-0.0204,-0.0302999999999999,-0.0039,,0.0289999999999999,0.02694186,0.0232,,0.03268426,0.002,0.0013,,0.03928476,0.05480918,,0.0344,0.0067,0.0192,-0.0021,0.0045,0.01635787,0.0092317099999999,-0.0149,0.009,0.01374433,0.0327,0.03222,0.051,0.04173172,0.00730793,,-0.015,0.03126143,0.0087,0.0031,0.0083,0.0070999999999999,0.0195,,0.0401999999999999,0.000593,,0.032,0.00874432,-0.0179,-0.006737,0.04713224,0.0677,,-0.0065,0.0076666999999999,0.0197,0.0132,0.0,0.0141999999999999,,0.00540541
2021-09-01,,,-0.0017,-0.0664,-0.044,0.02676785,-0.002,-0.00071234,0.0194,0.0487509999999999,,0.0167,-0.098,0.041653,0.0105,0.0157,0.0172,,0.012,-0.04126861,0.0141,,-0.0029274699999999,0.013,0.0156,,-0.00565377,-0.03915338,,0.0194,0.0175,0.0068,0.0397,0.0107,-0.02783708,0.00518709,0.0136,0.0819999999999999,-0.04717061,0.0101,-0.0023699999999999,0.038,-0.04894178,0.0230744999999999,,0.0118,0.01991179,0.0242,0.0077,0.0081,-0.0123,-0.0462,,-0.0311,0.004519,,0.0069999999999999,-0.00809424,0.066,0.0016259999999999,-0.03087115,-0.0769,,0.0156,0.0200191,0.0105,0.013,-0.0001,0.0085,,-0.0124466
2021-10-01,,,-0.012,0.0761,0.04755898,0.00319283,0.004,-0.0182749,0.0557,0.024636,,0.0139999999999999,0.1797,0.02641,0.0116,0.0172,0.0445,,0.141,0.04582617,-0.0006,,0.03029525,0.171,-0.0040999999999999,,0.04311554,0.05313281,,0.0086,0.0278,-0.0078,0.04,0.0028,0.05946448,-0.02145541,0.0133,0.024,0.0525204399999999,0.0369,0.03806,-0.018,0.06907567,0.02377878,,-0.0216,0.0074376699999999,0.009,-0.0051,-0.0004,0.1614,0.0550999999999999,,0.0701,0.007475,,0.039,0.00477885,-0.0355,-0.002463,0.0711832,0.0472,,0.0069999999999999,-0.0447363,0.0133,-0.0043,0.0014,0.0139,,0.0451935299999999
2021-11-01,,,0.0042,-0.0643,-0.01461143,-0.0032477699999999,0.018,0.01802099,-0.0095,-0.070129,,0.0043,-0.0227999999999999,0.039962,-0.0245,-0.0364,-0.0132,,0.108,-0.00704244,0.0013,,-0.01020608,0.021,-0.0129,,-0.01712862,-0.00859205,,0.0194,0.0179,0.011,0.0123,-0.0384,-0.00478354,-0.00338196,0.003,-0.0069999999999999,-0.01700595,0.0032,-0.02515,-0.035,-0.03950716,-0.00420787,,-0.0151,0.01462873,0.0093,0.0005,0.0139,-0.0532,-0.085,,-0.0116999999999999,-0.0122029999999999,,-0.033,0.01721916,-0.0592,0.011859,-0.02137196,-0.0663,,0.006,0.0085826,-0.0263,-0.0173,-0.0096,0.0038,,-0.00420978
2021-12-01,,,0.0109,0.1519,0.01566503,0.0232908499999999,0.0019,0.0153325,0.0285,0.035995999999999896,,0.010100000000000001,-0.0976,0.0114819999999999,-0.013,-0.0193999999999999,-0.023,,0.08689999999999999,0.00197254,0.0031000000000000003,,0.03935904,-0.0171,-0.0063,,0.052614819999999896,0.0130800099999999,,-0.0014,0.0025,0.004599999999999899,0.0033,0.0263,0.0296604699999999,0.0027119600000000002,-0.006,0.0029000000000000002,0.01958472,0.0167,0.0229,0.0229,0.02120543,0.01446794,,0.034999999999999996,-0.01646146,0.0024000000000000002,0.0036000000000000003,0.0023,-0.12819999999999998,0.09219999999999999,,0.0638,0.004872,,-0.0121,-0.0025559,0.0298,-0.001155,0.0203119699999999,0.0394,,0.0027,0.0216654,-0.0006000000000000001,0.0131,0.0052,0.0115999999999999,,0.02099009
2022-01-01,,,0.0428,-0.083,-0.03934229,-0.0182909,0.003,0.01091954,-0.0158,0.030276,,0.0038,0.004,0.104775,0.0203,0.0306,0.0098,,-0.136,-0.0600196099999999,-0.0092,,-0.03477361,-0.012,0.0176,,-0.03720254,-0.04539379,,-0.0091,-0.0295,0.0121999999999999,0.0409,0.0255,-0.09829243,-0.03139104,-0.0116,0.0559999999999999,-0.0509236899999999,-0.0227999999999999,-0.0141,0.0289999999999999,-0.07014132,0.02641427,,0.0154,-0.01192925,0.002,0.0021,0.0013,-0.0634,-0.1176,,-0.0704,-0.009001,,0.051,0.0197474,0.0732,-0.00695,-0.05857407,0.0544,,-0.0013,-0.0029868,0.0034999999999999,0.0037,-0.0091,0.0003,,-0.06233772
2022-02-01,,,-0.0195,0.0724,-0.0192,0.02933714,-0.0069999999999999,-0.02551955,0.0322,0.070973,,-0.0075,-0.1101999999999999,0.094134,0.0436,0.0673,0.0955,,0.005,-0.02833262,-0.0297,,-0.01403683,0.008,0.0106,,-0.01567865,0.03014193,,0.0162,0.006,-0.0262,0.0406,0.0171,-0.04770943,-0.0318621,0.0017,0.034,-0.0203528999999999,0.0218,0.0204099999999999,0.048,-0.02308802,0.00173962,,-0.0064,0.03287258,0.0025,-0.0055,0.0016,0.1277,0.005,,-0.0034999999999999,0.004842,,0.0279999999999999,0.00834794,-0.01,0.002234,-0.02244066,-0.0703,,0.0073,-0.0188383999999999,-0.1017,-0.0523,0.0025,0.0075,,-0.03060919
2022-03-01,,,0.023,0.0243999999999999,-0.0069999999999999,-0.00281052,0.005,0.001815,-0.0231,0.01425,,-0.0056999999999999,0.0894,0.035786,0.0977,0.1553999999999999,-0.0256999999999999,,0.149,0.02267414,0.0025,,0.01701182,0.0139999999999999,0.0103,,0.02580747,-0.02132772,,0.0642,-0.0004,0.0192999999999999,0.052,0.0412,0.00072477,0.00914078,0.0064,-0.011,-0.0042773099999999,-0.0037,-0.0139999999999999,0.066,-0.00952138,-0.00901781,,0.003,0.01289248,-0.0178,-0.0078,-0.0059,0.0253,0.0559999999999999,,0.0355,0.027705,,0.131,-0.00369257,0.0040999999999999,-0.010857,0.00832305,0.0148,,-0.0108,0.0103119,0.0008,0.008,0.0003,0.009,,0.0022903299999999
2022-04-01,,,0.0060999999999999,-0.0258,-0.0474925,0.01456544,0.0,0.01423488,-0.0894,0.032601,,0.0066,-0.0659,0.037933,0.0852999999999999,0.1277,0.0301,-0.0012,-0.063,-0.04487484,-0.0521999999999999,,-0.00847212,-0.003,0.0054,,-0.0136888199999999,0.00360642,,-0.0015,0.0147,0.0026,0.0256,0.0321,-0.04354517,0.0137519199999999,-0.0098999999999999,0.025,-0.05306015,-0.0573,-0.02583,0.004,-0.03576945,-0.00031634,,-0.0165,0.0151537,0.0218,0.0007,0.0032,-0.0421,-0.0453,,-0.0754,0.026847,,0.016,0.00681676,0.0289999999999999,-0.008534,0.01123062,0.0298,,0.0250999999999999,0.0097802,0.0296,0.0006,0.0021,-0.011,0.0152,-0.01240115
2022-05-01,,,0.0052,-0.045200000000000004,-0.014,-0.017154330000000002,0.0057,-0.00916762,-0.0043999999999999,0.0023,,-0.0144,0.0371,0.035054999999999996,0.0113,0.016499999999999997,0.0315,0.0011,-0.1703,-0.01544422,-0.0193,,-0.05139539,-0.07429999999999999,-0.0048,,-0.0585702,0.0197828199999999,,0.0049,-0.0126,0.0018,0.0078,-0.0033,-0.04388732,-0.038185580000000004,-0.011899999999999999,0.018699999999999998,-0.01248822,-0.0199,-0.0064199999999999995,0.0337,0.0058223399999999,0.0380413,,0.028599999999999997,0.02156716,0.0106,-0.0076,0.0172,0.1213,-0.045700000000000005,,-0.015,-0.003903,,-0.0282999999999999,-0.0071432899999999,0.0659,0.050211,-0.0103632,-0.10239999999999999,,-0.0033,0.0004803000000000001,-0.022000000000000002,-0.020700000000000003,-0.0041,-0.0325,0.0053999999999999,-0.028767440000000002
2022-06-01,,,-0.00039999999999999996,0.0036,-0.0676999999999999,0.01119783,-0.0056,0.0065447000000000005,-0.1022,-0.133288,,-0.0114,-0.0323,0.002565,0.050799999999999894,0.07619999999999999,0.09799999999999999,0.0028999999999999,-0.14659999999999998,-0.06152752,-0.14129999999999998,,-0.07104482000000001,-0.0906,-0.0010999999999999998,,-0.08763194,-0.054865080000000004,,-0.0104999999999999,-0.005299999999999899,-0.0007999999999999999,0.0198,0.0085,-0.039988390000000006,-0.00475507,-0.0209,-0.0295999999999999,-0.06632908,-0.0782,-0.07662000000000001,-0.0176,-0.11618866,-0.0071555399999998996,-0.0058,0.0027,0.01256297,0.008,-0.0122999999999999,0.007,0.0149,0.0221,,-0.0724,0.00863,,0.0314,0.0175082199999999,-0.0347,0.00718,-0.09586316,-0.19299999999999998,,-0.0104,-0.0213594,-0.0086,-0.0614999999999999,-0.0059,-0.0028,-0.0087,-0.02040198
2022-07-01,,,-0.006200000000000001,0.016900000000000002,0.07500000000000001,-0.00335981,-0.018799999999999997,-0.032052000000000004,0.07790000000000001,-0.034349000000000005,,0.0127,0.0705999999999999,-0.028447999999999998,-0.0373,-0.0553,-0.030699999999999998,-0.007799999999999901,0.1292,0.10215267,0.0264,,0.03857869,0.0532,-0.00010000000000000005,,0.053110109999999995,0.12157482999999991,,0.0327,-0.0287,0.0034,0.019100000000000002,-0.0174,0.0755406,-0.0299385199999999,0.0342,0.00019999999999999998,0.07472137000000001,0.0508999999999999,0.02125,0.0061999999999999,0.09713193,-0.00548284,-0.00010000000000000005,0.0,0.017711650000000002,0.0042,0.0018,0.0050999999999999995,0.0776,0.0857,,0.08699999999999991,-0.002796,,-0.0598,-0.01039807,-0.0131,0.024452,0.12148966,-0.050800000000000005,,0.0092,-0.0066,0.006299999999999899,-0.0282,0.0008999999999999999,0.008199999999999999,0.025899999999999902,0.04593765
2022-08-01,,,-0.0017,0.0594999999999999,-0.029099999999999997,0.00702575,-0.0079,0.01657209,-0.0106,0.051997,,0.0172,-0.0537,0.0037999999999999,0.0218,0.032600000000000004,0.0501,0.00039999999999999996,-0.0369,-0.00867381,0.0569,,-0.00886465,-0.0009,-0.0012000000000000001,,-0.01657707,-0.00253233,,-0.0047,0.0407,-0.0012000000000000001,0.0191999999999999,0.011999999999999999,-0.04090455,-0.00511645,0.0039,0.033100000000000004,-0.02797133,0.0012,-0.00298,0.0611,-0.0304673699999999,0.00550313,0.0027999999999999,0.0347999999999999,0.03778331,0.0019,0.0033,-0.0019,-0.0075,-0.0125,,-0.036,0.030154,,0.027099999999999902,0.00221254,0.0104,0.003086,-0.0155894099999999,-0.0027,,0.013099999999999999,0.027700000000000002,0.010499999999999999,0.027800000000000002,0.0035000000000000005,0.0393,0.016200000000000003,-0.03184106
2022-09-01,,,-0.009300000000000001,0.0057,-0.056199999999999896,-0.0027971999999999,0.013099999999999999,-0.01381864,-0.0678,-0.0764929999999999,,-0.0165,-0.132,0.011642999999999999,0.0913,0.13549999999999998,0.0424,0.0021999999999999,-0.1049,-0.059669459999999896,-0.0375999999999999,,-0.03645272,0.0161,-0.0033,,-0.05159034,-0.06906572,,0.0211,-0.0083,-0.0031999999999999997,0.0152,0.0101,-0.05976853,-0.0007825600000000001,-0.0023,-0.013900000000000001,-0.05323821,-0.0514,-0.07188,0.0171,-0.09625202,-0.0359634,0.00039999999999999996,-0.0031,-0.0060316599999999995,0.009099999999999999,-0.0206,-0.0034000000000000002,-0.0822,-0.0327,,-0.0978,0.023096000000000002,,0.0461,0.0069936899999999995,-0.012400000000000001,-0.005822,-0.07472708,-0.0248,,0.0025000000000000005,-0.002,-0.0123,-0.0146,-0.0047,0.0004999999999999998,0.007,-0.035453799999999897
2022-10-01,,-0.0124,-0.0108,-0.050199999999999995,0.0538,0.0029435900000000003,-0.0113,0.01972701,0.0930999999999999,0.049781000000000006,,-0.0006999999999999999,-0.0123,-0.0008800000000000999,0.0002999999999999999,0.0007000000000000001,0.0166,0.014599999999999998,0.1497,0.0427216,0.0684,,-0.00569262,0.0907,0.0112,,0.00024857000000000004,0.061545840000000004,,0.0106,-0.0051,-0.0031999999999999997,0.0243,-0.001,0.0031974100000000004,-0.0002745,0.0189,0.047700000000000006,0.052927779999999994,0.062200000000000005,0.07564,0.0307,0.06343568000000001,0.04469885,-0.0031999999999999997,0.005,-0.0004932000000000001,0.0021000000000000003,0.0115,0.0013,-0.032299999999999995,0.052599999999999994,,0.0805,-0.00014100000000000007,,-0.0203,0.0067093199999999995,0.0212,-0.000611,0.05475378,0.1453,,0.0005999999999999998,0.0115,0.0063,-0.0194,0.0011999999999999,0.0058,0.024,-0.00892104
2022-11-01,,-0.0054,0.0221,-0.0015999999999999999,0.0366999999999999,-0.0025248899999999997,-0.0018999999999999998,0.02756825,-0.00039999999999999975,0.076673,,0.0167,-0.0542999999999999,-0.042462,-0.0746,-0.1102,0.0018999999999999998,-0.0006999999999999997,0.0471,0.033814,0.1249,,0.04924201,0.0071,0.0212,,0.06845253,0.14026650000000002,,0.0284,-0.0242,0.0223,-0.0115,-0.023799999999999998,0.04646389,0.0371545,0.0069999999999999,-0.0029,0.04703845,-0.0026,0.0101499999999999,0.0051,0.1293467299999999,0.0566360599999999,0.002,0.0227,0.01775287,0.0123,0.0334,0.0158999999999999,0.1099,0.0227999999999999,,0.0478,-0.016242,,-0.0139,0.013527089999999999,-0.0135,0.012348,0.0794496699999999,0.15849999999999997,,0.0087,0.0086,0.0037,0.0249,0.0084999999999999,-0.0117,0.0109,0.03045387
2022-12-01,,-0.0701,0.007,0.032100000000000004,-0.028900000000000002,0.024720409999999998,0.014699999999999998,0.00715752,-0.054099999999999995,0.041965,,0.0059,-0.035199999999999995,-0.005051,0.0068,0.009999999999999998,-0.0095,0.0027999999999999,-0.0883,-0.050256419999999996,0.0327,,-0.02319339,0.0017000000000000001,0.0269999999999999,,-0.02943463,-0.01474797,,-0.0029,0.0098,0.0255,0.004600000000000001,0.005399999999999999,-0.05029163,0.013906909999999998,0.0064,0.0097,-0.023088440000000002,-0.039299999999999995,-0.030100000000000002,0.018699999999999998,-0.01625406,0.02966347,0.0115,-0.038099999999999995,0.01269831,0.0018000000000000004,-0.0051,0.0,-0.0872,-0.0708,,-0.039799999999999995,0.0143,,-0.0083,-0.0143216,0.0466,0.00599,-0.042231809999999995,0.0388999999999999,,0.0154999999999999,0.0255,-0.006,0.022099999999999998,0.001,0.0008999999999999998,0.0058000000000000005,-0.03400544
2023-01-01,,0.07960000000000009,0.0350000000000001,-0.0024999999999999,0.011974160000000001,0.013252360000000102,-0.0044999999999999,-0.031221309999999898,0.0437000000000001,0.0352010000000001,,0.021000000000000102,0.2120000000000001,0.0025440000000001,-0.0332999999999999,-0.0497999999999999,-0.0038999999999999,0.008900000000000099,0.1705000000000001,0.0350179300000001,-0.0008999999999999,,0.0400682000000001,0.0165000000000001,0.0359000000000001,,0.0565420900000001,0.0208661500000001,,0.0019000000000001004,-0.0201999999999999,0.031500000000000104,-0.0153999999999998,-0.0125999999999999,0.0765609800000001,0.011179930000000102,0.0057000000000001,-0.0004999999999998998,0.015011030000000002,0.031200000000000103,0.0768600000000001,0.0065000000000001,0.0582858600000001,0.02543172,0.0043000000000001,-0.0030999999999998997,-0.0308169199999998,0.0087,-0.0187999999999999,0.0149000000000001,0.06750000000000009,0.0167000000000001,,0.07250000000000009,0.0089840000000001,,-0.0284999999999999,0.0054731100000000995,0.0047,0.0025110000000001,0.0433294200000001,0.1409000000000001,,0.0235000000000001,-0.0190999999999999,0.014700000000000102,0.0459000000000001,0.012300000000000103,-0.0058999999999999,0.0188000000000001,0.0632673200000001
2023-02-01,,-0.0221999999999999,0.0212,0.0097,-0.023005170000000002,0.00485792,-0.0103999999999999,-0.0041603099999999995,-0.0163,-0.022134,,0.0084999999999999,-0.0801,0.002316,0.0112,0.0166999999999999,0.0030000000000000005,0.0009000000000000002,-0.0063999999999999994,-0.01256203,-0.009,,0.00229114,-0.0424,-0.0068,,-0.0006723999999999996,-0.01404825,,-0.006,-0.0006999999999999997,0.0060999999999999995,-0.0155,0.0104,0.01679858,-0.00989777,-0.0033,-0.0214,-0.0201747,-0.009,-0.0045899999999999,0.0126,-0.01214588,0.01367187,0.0114,0.0353,-0.01156222,0.006999999999999999,0.0667,0.0006999999999998999,-0.0284,-0.025,,-0.0237,0.013499999999999998,,-0.0604,0.0039835800000000005,0.013399999999999999,0.00012100000000000001,0.012863179999999998,0.1165,,0.0026999999999999,0.0087,0.0064999999999999,0.0213,-0.0002999999999999999,0.0009000000000000002,0.0063,0.015077750000000001
2023-03-01,,0.0108,-0.0095,-0.0060999999999999995,0.006097030000000001,0.009380579999999899,0.010399999999999899,-0.007975119999999999,-0.21509999999999999,0.006936,,-0.0048,0.038900000000000004,0.052153,-0.09100000000000001,-0.1371,-0.0018,-0.014700000000000001,0.0243999999999999,-0.00406011,-0.037399999999999996,,-0.0002540700000001001,-0.0246,-0.004,-0.0062,-0.01875897,0.04624803,,0.024300000000000002,-0.0254,0.0061,-0.0207,-0.019299999999999998,-0.00565143,-0.0726692099999999,-0.0026,-0.0186,0.009590830000000002,-0.1262999999999999,-0.0531,-0.0366,0.03970103,0.00981377,-0.0042,0.016199999999999902,0.00359514,0.006900000000000001,-0.014700000000000001,-0.0040999999999999995,-0.0406,-0.0314,,0.0399,-0.042647,,-0.0826,0.009208750000000002,-0.0199999999999999,-0.001618,0.014684330000000002,-0.0167,,-0.001,-0.0191,0.005699999999999999,-0.0607,-0.0201,-0.022799999999999997,-0.0095,-0.02629744
2023-04-01,,-0.0151999999999998,0.00040000000000009993,0.08590000000000009,0.029500000000000103,0.0058443400000001,-0.0084999999999999,0.02541351,-0.0407999999999999,0.0131060000000001,,0.010100000000000098,-0.0366999999999999,-0.048824999999999896,0.0010000000000000998,0.0015000000000001002,-0.0051999999999999,0.013100000000000101,-0.021499999999999898,0.0166948200000001,-0.0690999999999998,,0.0074762300000001,0.0145000000000001,-0.0049999999999999,-0.0053999999999999,0.0129021000000001,0.0014963500000001002,,0.0009000000000001004,0.0151000000000001,-0.0015999999999999,0.0019000000000001004,0.018100000000000102,-0.0005360499999999,0.0209827000000001,0.0024000000000001,0.0075000000000000995,0.0292408000000001,-0.0390999999999999,0.009600000000000102,-0.0084999999999999,-0.0054196099999998994,0.029075230000000098,-0.015099999999999898,0.0065000000000001,-0.0107495199999999,0.0008000000000001001,0.011,0.0081000000000001,-0.0461999999999998,0.029800000000000104,,0.0179000000000001,0.0027930000000001,,-0.0164999999999999,0.0017264600000000997,0.0028000000000001,-0.0011739999999999,-0.0209311399999999,0.0358000000000001,,0.0039000000000001004,0.0149000000000001,0.0133000000000001,0.0179000000000001,0.0007000000000000998,0.008400000000000001,-0.0016999999999999,-0.0054222199999998996
2023-05-01,,-0.0044,-0.029599999999999998,-0.0021999999999999997,-0.0154999999999999,0.007424549999999999,0.0024000000000000002,-0.0334203199999999,-0.08410000000000001,-0.036639,,0.005,-0.0436,-0.01046,0.0220999999999999,0.0336,0.0850999999999999,0.0029,0.0344,-0.012900769999999999,0.0997,,-0.0015399099999999998,0.025399999999999902,-0.0102,-0.0121,-0.01252493,-0.00225019,,0.0365,-0.014599999999999998,-0.0172,0.0027,0.0018000000000000004,-0.03491554,-0.0067157499999999995,0.0005999999999999998,-0.0175999999999999,-0.0152715,-0.0748,-0.028059999999999998,-0.014599999999999998,-0.0061708399999999,0.018293,-0.0292999999999999,0.011200000000000002,0.02272021,0.0108999999999999,0.0011999999999999997,0.0013,0.0116,0.0103,,0.007699999999999999,0.0110039999999999,,-0.0086,0.00545509,-0.0465,-0.0008719999999999999,0.025086300000000002,0.0551,,0.0077999999999999,0.001,-0.0034,0.0242,0.004,-0.0209,-0.0166,-0.03610317
2023-06-01,,0.041999999999999996,-0.0037,0.0051,0.033699999999999994,0.0004552699999999998,-0.005,-0.0297537,0.0794,0.014762,,0.0091,0.011,-0.06048100000000001,0.014499999999999999,0.0213,-0.044300000000000006,9.999999999989965e-05,0.111,0.031877469999999894,0.0741,,-0.00831538,0.037336999999999995,0.013999999999999999,0.0049,-0.00912111,0.00639344,,-0.0096999999999999,0.0,0.004999999999999999,0.0164999999999999,0.0111,0.00997431,0.02043061,0.0049,0.002,0.0345021699999999,0.08389999999999989,0.040760000000000005,0.02,0.04596382,0.0066434999999998995,0.032299999999999995,0.039999999999999994,-0.047659480000000004,0.0034999999999999996,-0.007,-0.0037,-0.0332,0.012799999999999999,,0.0605,-6.999999999999975e-05,,0.023,-0.0101435799999999,-0.017599999999999998,0.0011959999999999003,0.02517726,0.11889999999999999,,0.0164,0.015099999999999999,0.0114,0.0268,0.0069,0.0081999999999999,-0.0002000000000000001,0.00401702
2023-07-01,,0.0059,-0.0126,-0.0037999999999999996,0.014099999999999998,-0.00325563,-0.015,-0.02095126,0.1503,0.050392000000000006,,0.0192999999999999,-0.0465,0.0064539999999999,-0.042099999999999894,-0.0624,0.0086,-0.0049,0.0244999999999999,0.01233521,0.029299999999999996,,-0.00767085,-0.006009,0.0139,-0.0029999999999999996,-0.00652022,-0.0020469299999999998,,-0.0435,-0.0193,-0.014599999999999998,-0.0050999999999999995,-0.011,0.00879645,-0.015269769999999998,0.0011000000000000003,-0.0014999999999999996,0.014572749999999999,0.1281,0.0225,0.0125,0.00312733,-0.02629453,-0.0053,-0.0097,-0.009500399999999999,0.0065,-0.013499999999999998,0.0015999999999999001,-0.022000000000000002,-0.0264,,0.0254,-0.045017999999999996,-0.0045,0.0165,0.00061472,0.0177,0.0020350000000000004,-0.00332806,0.0617,,0.003400000000000001,0.0064,0.039900000000000005,0.0191,0.008300000000000002,0.0125,0.0038000000000000004,0.012434479999999998
2023-08-01,,-0.016,-0.010499999999999999,0.0344,-0.0042,0.011400569999999999,0.010499999999999999,0.0265,-0.062499999999999896,-0.051357999999999994,,0.011099999999999999,-0.0004999999999999996,0.0031090000000000007,-0.00019999999999999966,-0.00019999999999999966,0.0142999999999999,0.0071999999999999,-0.047499999999999994,-0.007973089999999999,-0.0161,,-0.00405217,0.010811999999999999,-0.0010000000000000998,0.0118999999999999,-0.01140007,-0.05118833,,-0.0065,0.014499999999999999,-0.011699999999999999,-0.0287,0.0225,0.00637113,-0.0018120699999999998,0.0028000000000000004,0.0215,-0.0043977999999999995,-0.0528,-0.017499999999999998,0.0070999999999999995,-0.04112979,-0.03081623,0.006000000000000001,0.026699999999999998,-0.02397828,-0.0036999999999999997,0.0011999999999999,-0.004699999999999999,-0.054,-0.0013999999999999998,,-0.0103,-0.0013399999999999996,-0.0040999999999999995,-0.0225,-0.0024702799999999996,-0.0138,-0.0004999999999999996,-0.02968961,0.0019000000000000006,,0.007500000000000001,-0.0034999999999999996,-0.013999999999999999,0.0022000000000000006,0.0018000000000000004,0.013399999999999999,0.0062,0.007284420000000001
2023-09-01,,-0.0572,0.008,-0.0077999999999999,-0.011,-0.0008951100000000002,0.0070999999999999,0.0257,-0.050699999999999995,0.0056239999999999,,0.006699999999999999,-0.026299999999999997,0.020279,0.074,0.1105,-0.012,0.0075999999999999,-0.0823,0.0037481499999999,-0.0115,,-0.00828836,0.015527999999999998,-0.0161,0.0075999999999999,-0.0179292499999999,-0.08243191999999999,,-0.0045,0.0007000000000000001,0.0049,-0.0149,0.018099999999999998,-0.04376371,0.0051267199999999995,0.0014999999999999996,-0.0073,-0.009844539999999999,-0.0422,0.0091,0.020499999999999997,-0.07482185999999989,-0.009814989999999999,0.0135,0.0091,-0.024090220000000002,-0.0019000000000000002,0.012499999999999999,-0.0026,-0.028499999999999998,-0.0343,,-0.053399999999999996,0.034533,-0.0031999999999999997,0.0026999999999999004,-0.00379599,0.0021000000000000003,-0.003,-0.053850979999999896,-0.0404,,0.022699999999999998,0.013699999999999999,0.001,0.003,0.0013999999999998996,0.0031999999999999997,0.0011999999999999997,-0.024465639999999997
2023-10-01,,-0.0146999999999999,0.0013000000000001006,0.0481000000000001,-0.005199999999999899,-0.0094805899999999,0.0045000000000001,0.0063000000000001,-0.0546999999999999,-0.0334009999999998,,-0.0001999999999998999,0.1383000000000001,0.014090000000000102,-0.0223999999999999,-0.0333999999999999,-0.0297999999999998,0.0060000000000001,-0.012699999999999899,-0.020015189999999898,0.0329,,-0.023299999999999897,-0.0272529999999999,-0.046999999999999896,-0.0082999999999999,-0.0316999999999999,-0.0862829399999998,,0.0054000000000001,-0.0154999999999999,-0.0054999999999999,-0.007499999999999899,0.0047,-0.0382388399999999,-0.0333349999999999,0.0012000000000001003,0.0093,-0.0037745599999998995,-0.0533999999999999,-0.0321999999999999,-0.0112999999999999,-0.0934687599999998,-0.0269896199999999,-0.013399999999999898,-0.0344999999999999,-0.0314887199999999,-0.0018999999999998996,0.0020000000000001007,-0.0044999999999999,-0.1390999999999999,-0.0592999999999999,,-0.0358999999999999,0.0032470000000000996,-0.0091999999999999,-0.0056999999999999,-0.0027399999999998996,-0.0246999999999999,-0.0005999999999999998,-0.0942772199999999,-0.0517999999999999,,-0.0070999999999999,-0.0136999999999999,-0.0241999999999999,-0.0039999999999998995,0.0013000000000001006,-0.0057999999999999,-0.020399999999999897,-0.030459359999999897
2023-11-01,,0.0276,0.0074999999999999,0.010700000000000001,0.0401,0.01638854,-0.0137999999999999,0.006599999999999999,0.12069999999999999,0.019721,,0.0102,0.0916,-0.069026,-0.06369999999999999,-0.0946999999999999,-0.0125,-0.005,0.19560000000000002,0.03059866,0.010599999999999998,,0.0303,0.023812999999999997,0.023299999999999998,0.00019999999999999966,0.0481,0.10172704,-0.0044,-0.0010000000000000005,0.0338,0.026099999999999998,0.014199999999999997,-0.011800000000000001,0.11588579,0.036485,0.0015999999999999999,-0.0224,0.04109559,0.1083,0.0376,0.0215,0.11401771,0.026690969999999998,-0.0093,-0.0054,0.03059158,0.011199999999999998,-0.0013000000000000004,0.010599999999999998,0.0239999999999999,0.0662,,0.1023999999999999,0.006672,0.0416,-0.025400000000000002,-0.0003450000000000007,0.0337,0.008400000000000001,0.08468814,0.1975,,0.0017999999999999995,0.0005999999999999998,0.0225,0.0242,0.0097,0.009799999999999899,0.009799999999999899,0.06059945
2023-12-01,,0.0238,0.0077,0.0908999999999999,0.0049,0.0101188,-0.010700000000000001,0.0123,0.2052,0.034793000000000004,0.0276,0.011,0.1007,-0.025079999999999998,0.013099999999999999,0.019799999999999998,0.0036000000000000008,0.004,0.07970000000000001,0.023425170000000002,0.013200000000000002,-0.009903,0.0378999999999999,0.057109,0.0118,-0.0027,0.0568,0.05460495,0.0501,0.0213999999999999,0.0011000000000000003,0.0093,0.014299999999999998,-0.030199999999999998,0.0438049599999999,0.0270019999999999,0.0008000000000000004,0.0167,0.0062438199999999,0.1782,0.031100000000000003,-0.010499999999999999,0.06519866,0.025422590000000002,-0.0129,-0.00010000000000000026,0.02010212,0.004399999999999999,0.011899999999999999,0.0008999999999999998,0.0874999999999999,0.0791999999999999,,0.0513,-0.0078909999999999,0.0223999999999999,0.0397,0.0071379999999999,0.0257,-0.0038,0.05114912,0.0716,,0.011399999999999999,-0.024,0.0265999999999999,0.025,0.0165,0.019700000000000002,0.0060999999999999995,0.03288837
2024-01-01,,0.0066000000000001,0.0020000000000001007,0.0489000000000001,0.0357000000000001,0.005460550000000001,0.014800000000000101,0.014700000000000102,-0.0546999999999999,-0.0012379999999998998,0.049900000000000104,0.014100000000000001,-0.0166999999999999,0.0075960000000001,0.0098,0.015300000000000102,0.014800000000000101,-0.0022999999999998998,-0.0186999999999998,0.0258565100000001,-0.015599999999999899,0.0019000000000001004,-0.0027999999999999,-0.0054109999999998,-0.0145999999999998,0.0042000000000001,-0.0009999999999998994,-0.051643899999999895,0.0017000000000001007,-0.0090999999999999,0.0034000000000001,0.0056000000000001006,-0.015699999999999898,0.0247000000000001,0.0080347000000001,0.0060890000000001,-0.0014999999999998994,-0.0032999999999998994,0.03760053,-0.041199999999999896,-0.0222999999999999,-0.0146999999999999,-0.051821129999999896,-0.004688059999999899,0.0156000000000001,0.021600000000000102,-0.0242626699999999,0.0008000000000001001,0.008300000000000099,0.0034000000000001,-0.1682999999999999,0.0519000000000001,-0.0636999999999999,0.0162000000000001,0.024282000000000102,-0.0034999999999999,-0.0256999999999999,-0.0028319999999999994,-0.0386999999999999,0.00020000000000010027,-0.0330076599999999,0.0397000000000001,,0.0098,0.0324000000000001,0.0199000000000001,0.0154,0.0060000000000001,-0.024299999999999898,-0.0181999999999999,-0.0028299599999998997
2024-02-01,,0.027,0.0131,0.0979,0.0496,0.009018789999999999,0.009600000000000001,-0.0278,-0.0306,-0.011452,0.0802999999999999,0.0073999999999999995,0.20379999999999998,-0.011206,0.0599,0.0892,0.003,0.0059,-0.0582,0.07582418,0.0324,0.0027999999999999007,-0.015599999999999899,0.010805999999999899,0.0059,-0.0043,-0.0186999999999999,0.0283363,0.0217,-0.027899999999999998,-0.007299999999999999,0.0132,-0.0419,0.020199999999999902,0.0712044899999999,0.011283999999999999,0.0028999999999999,0.0158,0.057026409999999896,-0.0207,-0.014599999999999998,0.0234,0.02939724,-0.0017990699999999998,-0.0029,-0.0133,0.044687569999999996,0.005,0.0065,-0.00039999999999999975,0.0021000000000000003,0.0429,-0.054200000000000005,0.0566,0.027462999999999998,0.0058000000000000005,0.031799999999999995,0.013493000000000002,-0.0162,-0.0005999999999999998,0.0304588399999999,0.019,,-0.0053,0.0149,0.0183,-0.00019999999999999966,0.001,-0.0272,-0.015099999999999999,0.046172069999999996
2024-03-01,,0.0352999999999999,0.0055999999999999,-0.018000000000000002,0.027000000000000003,0.017110220000000002,0.0063,0.0075,0.0448,0.079956,0.1242,0.0081,0.07970000000000001,-0.026799999999999997,0.051500000000000004,0.0767999999999999,-0.0029,0.0045000000000000005,0.020700000000000003,0.03615974,0.08990000000000001,0.0048000000000000004,0.0024999999999999996,0.022212999999999997,0.0081,0.0177,0.0058,0.0551493299999999,0.022699999999999998,0.0641,-0.0048000000000000004,0.0075,-0.0293999999999999,0.016199999999999902,0.036046,0.0013629999999999996,0.004399999999999999,0.0240999999999999,0.02888649,0.027700000000000002,0.0078999999999999,0.0050999999999999,0.05421609,0.010511,0.0267,0.018299999999999997,0.03573879,0.005299999999999999,-0.0028,-0.0010999999999999998,0.0332,0.028200000000000003,0.0567,0.0443,0.026466000000000003,-0.00010000000000000026,0.0397,-0.0011459999999999999,0.0531,-0.0035,0.05481118,0.0941,0.0149999999999999,0.015600000000000001,0.0093,-0.0074,0.006,0.005900000000000001,0.0147,0.0332999999999999,0.027047
2024-04-01,,-0.0386999999999999,-0.0001999999999998999,-0.0106999999999999,-0.0276999999999999,-0.0053300599999998996,0.006100000000000101,0.0160000000000001,-0.0450999999999999,0.0288170000000001,0.060500000000000095,0.0049000000000001,-0.0296999999999999,0.023800000000000102,0.0016000000000001005,0.0027000000000001008,-0.0096999999999999,-0.0018999999999998996,-0.0006999999999998995,-0.0401636699999999,-0.0189999999999999,-0.0008999999999998996,-0.038499999999999895,0.003231000000000101,-0.0067999999999999,0.0088000000000001,-0.0497999999999999,-0.0242525599999999,-0.0026999999999998995,0.0353000000000001,0.0015000000000001002,-0.0014999999999998994,-0.024899999999999898,0.0160000000000001,-0.0675329999999999,0.013596000000000101,-0.0041999999999999,0.008300000000000099,-0.0282805599999999,-0.0320999999999999,-0.0199999999999999,0.0200000000000001,-0.0170204399999998,-0.013299999999999899,-0.0073999999999999,-0.026099999999999898,-0.0010994099999998997,-0.0018999999999998996,0.0081000000000001,0.0004000000000001008,-0.0434999999999999,-0.045699999999999796,0.0093,-0.050399999999999896,0.0034190000000001,-0.0040999999999999,0.0223000000000001,-0.0104299999999999,0.009100000000000101,0.0017000000000001007,-0.005629099999999899,0.0316000000000001,0.0073671000000000006,0.0069000000000001,-0.0073999999999999,0.013000000000000102,0.0007000000000001007,-0.0018999999999998996,-0.0222999999999999,0.0074000000000001,-0.0494299999999999
2024-05-01,-0.0012000000000000001,0.0196,0.0133,-0.0224,0.0196,0.0020716299999999997,0.0115,-0.011,0.0298,0.0239049999999999,0.0489999999999999,0.010700000000000001,-0.0104,-0.0598,-0.0502,-0.0741,-0.015300000000000001,0.0012999999999998993,0.030600000000000002,0.0170101799999999,0.0201,0.0014999999999999996,0.0241,0.007494999999999999,0.008400000000000001,0.0041,0.018799999999999997,0.09535383,0.0196,-0.0014000000000000002,0.007699999999999999,0.0114,0.0008999999999999998,-0.0154,0.040215,0.018900999999999998,0.0004999999999999996,0.0036999999999999993,0.02284806,0.022799999999999997,0.0102,0.051199999999999996,0.09415931,0.0305,0.0095999999999999,-0.0206,0.03571096,0.0016999999999998995,0.0073999999999999995,0.002,0.1312,0.010700000000000001,0.0446,0.046999999999999896,0.0014699999999998993,0.0045,-0.0094,-0.0058269999999999,0.0336,-0.0103,0.07606536,0.045899999999999996,0.023808609999999997,0.0087,-0.0049,-0.0015000000000000005,0.009999999999999998,0.0041,0.0036999999999999993,-0.0075,0.030855999999999897
2024-06-01,0.0040000000000001,0.028900000000000103,0.012900000000000102,0.0247000000000001,-0.0030999999999998997,0.00214141,0.0023000000000001006,0.0049000000000001,0.019800000000000102,-0.055105999999999905,0.08370000000000001,0.0066000000000001,-0.026099999999999898,0.0077000000000001,-0.0349999999999998,-0.0527999999999999,-0.0187999999999999,-0.0036999999999998995,0.0459000000000001,-0.005901009999999899,0.014700000000000001,0.0056000000000001006,0.0068000000000001,0.009545000000000099,0.013000000000000102,-0.0077999999999999,0.0115000000000001,-0.0726565299999999,-0.0191999999999999,-0.007199999999999899,0.0056000000000001006,0.008500000000000101,-0.0117999999999999,-0.0022999999999998998,-0.0114659999999999,-0.0165519999999999,0.0023000000000001006,-0.0191999999999999,-0.0024525799999998996,0.0211000000000001,-0.0118999999999999,-0.009299999999999899,-0.0696621799999999,-0.0123999999999999,-0.0055999999999999,0.0139000000000001,-0.037457859999999905,-0.0056999999999999,0.007000000000000101,0.0150000000000001,-0.1570999999999999,0.0165000000000001,-0.0680999999999999,0.033100000000000095,0.008782000000000099,0.0024000000000001,0.0039000000000001004,0.0011030000000001004,-0.0333999999999999,0.0026000000000001005,-0.0579266799999998,-0.051899999999999905,-0.0325717599999999,0.0019000000000001004,0.0011000000000001,0.0162000000000001,0.0028000000000001,-0.0020999999999998997,0.0150000000000001,-0.0093999999999999,-0.0094199999999999
2024-07-01,-0.0030999999999999995,0.006600000000000001,0.0006000000000000007,-0.0063999999999999994,0.0005000000000000004,-0.0109,-0.0133,-0.0029,0.1818,0.012256,0.0877,0.0058000000000000005,-0.0065,-0.0113,-0.0101,-0.015199999999999998,-0.0667,0.006300000000000001,-0.0645,-0.0017528799999999996,-0.0227,0.0103,0.0327,-0.017986,-0.0101,0.0035000000000000005,0.0705,0.0584599,0.0201,0.017499999999999998,0.0058000000000000005,0.003400000000000001,0.0228,-0.014499999999999999,-0.018948,0.003681000000000001,0.0096999999999999,-0.0059,0.0029836999999999,0.1304,0.0383,-0.0006999999999999997,0.06120342,-0.0002999999999999999,0.007500000000000001,-0.0239,0.0018062500000000006,0.0044,0.013399999999999999,-0.0012999999999999995,0.0456999999999999,0.026899999999999997,0.0115,-0.0046,-0.0105929999999999,0.006300000000000001,-0.0024999999999999996,0.007907999999999901,0.0594,-0.0037999999999999996,0.04991011,0.0408,-0.02720742,0.0038000000000000004,-0.0169,0.0102,0.013600000000000001,0.0048,0.0237,0.0165,-0.011949999999999999
2024-08-01,0.0016000000000000007,0.0949,-0.0085,0.029200000000000004,0.0231999999999999,0.001,-0.004399999999999999,0.002,0.007,-0.039647999999999996,0.1325,0.0033999999999999005,-0.0248,0.0115,-0.0535,-0.0799999999999999,-0.0404999999999999,-0.0101,-0.0838,0.011219690000000001,0.016800000000000002,0.0115,0.0058000000000000005,-0.0018339999999999997,-0.0327999999999999,0.0004000000000000002,0.0125,0.00400337,0.011200000000000002,0.012900000000000002,-0.0011999999999999997,0.0008999999999999,-0.0039,-0.0063,0.0091379999999999,0.0025250000000000003,0.0041,-0.0139,0.026635680000000002,0.010499999999999999,-0.0024,-0.0072,0.0053833799999999,0.0144,0.0137,-0.0116,-0.01041432,-0.0020999999999999994,0.0015000000000000005,0.0022999999999999,-0.048299999999999996,0.0479,0.016200000000000003,0.019700000000000002,-0.014393,0.0048,-0.0187999999999999,0.001294,-0.0208,0.003,-0.01447768,0.0525,0.057954439999999996,0.0142,-0.0019999999999999996,-0.0146999999999999,0.0039,0.0061,0.013300000000000003,-0.0138,0.003059
2024-09-01,-0.00010000000000000026,0.006,0.06749999999999999,-0.0514,0.013000000000000001,-0.0131,0.0045000000000000005,-0.039999999999999994,-0.0151,0.04078,0.1535,0.0046,-0.007,0.0285,0.0162,0.0241,-0.0634,0.0043,0.0779999999999999,0.0026838799999999996,-0.0027,0.013399999999999999,0.0189,0.040718999999999894,0.0214,0.002,0.035,0.10121274,0.0108,0.0252,-0.0128,0.055400000000000005,0.013999999999999999,-0.0053,0.010853,-0.017656999999999902,-0.0012000000000000001,-0.0036,0.014278969999999998,-0.009899999999999999,-0.0014000000000000002,-0.004,0.06280082,-0.0018,-0.0058,-0.017,0.02763602,-0.0009000000000000002,0.007599999999999999,0.0063999999999999994,0.08209999999999999,-0.036500000000000005,0.026,0.0030999999999998997,0.003098,0.0,0.008,-0.002496,0.0285,-0.0025,0.054621260000000005,0.0432,0.028794539999999997,0.006699999999999999,-0.0039000000000000003,0.0097,0.0078999999999999,0.0052,0.0046,-0.0103,0.004872
2024-10-01,-0.0055,-0.002,0.013999999999999999,-0.0497999999999999,-0.0119,0.0044,0.0021000000000000003,-0.0199,0.0448999999999999,-0.01697,0.0731,0.0026,-0.012899999999999998,0.0039,-0.0562,-0.0849,-0.0104,0.0114,0.0281,0.01676758,0.0319,-0.012,-0.0183999999999999,0.03972,0.026199999999999998,0.0013,-0.0226999999999999,-0.009259859999999901,-0.0015999999999999999,0.009899999999999999,-0.019,0.009999999999999998,-0.0108,0.004000000000000001,-0.0177959999999999,-0.031717999999999996,0.0042,0.014499999999999999,-0.009248079999999999,0.029899999999999996,0.0217,0.00010000000000000026,-0.03112239,-0.0369,0.0059999999999999,0.0229,-0.0028473099999999996,-0.002,-0.0072,0.0005999999999999998,-0.0848,-0.0497,-0.0089,-0.008199999999999999,-0.012937999999999998,0.0037,0.0021000000000000003,-0.008052,0.0036,0.0021000000000000003,-0.0107178499999999,0.0196,0.06838153,0.0181999999999999,0.008400000000000001,-0.0212,0.0014000000000000002,-0.0033,-0.012299999999999998,0.012299999999999998,-0.013989999999999898
2024-11-01,-0.0028000000000000004,0.027399999999999997,0.0005999999999999998,-0.0152,0.038000000000000006,0.0157,-0.003,-0.041999999999999996,0.1324,-0.03143,0.0455,0.0024999999999999996,0.179,-0.0435999999999999,0.0335,0.0505,0.013999999999999999,0.0087,0.06,0.05732548,0.005599999999999999,0.0024999999999999996,-0.0049,0.134565,0.0417,0.0091,-0.0038,0.14163851,0.0239999999999999,0.0029,0.0193,-0.0004000000000000002,0.0095,-0.0019000000000000002,0.005117999999999999,-0.038894,0.0034999999999999996,0.0222,0.038496390000000005,0.08929999999999999,0.048100000000000004,0.0099999999999999,0.045337859999999994,0.008,0.0063999999999999994,0.0271,0.03817189,0.0014999999999999996,-0.02795,0.0092,0.0235,0.0210999999999999,0.013999999999999999,0.07089999999999999,0.00473,0.004,0.022,0.004579,-0.0403,0.0058999999999999,0.07236437999999999,0.0843,0.08458517,0.0123999999999999,0.035500000000000004,0.0116,-0.0011000000000000003,0.0020999999999998997,0.0051,0.0101999999999999,-0.0005870000000000003
2024-12-01,0.0005999999999999998,-0.0107999999999999,0.0007000000000000001,-0.049100000000000005,-0.0247,-0.0018000000000000002,-0.021699999999999997,-0.0176999999999999,-0.06939999999999999,-0.03816,0.0989,0.004699999999999999,-0.0137,0.009899999999999999,0.013300000000000001,0.0199,0.018399999999999903,0.0034999999999999996,-0.0326999999999999,-0.02492688,0.0463,-0.0041,-0.0424,-0.06594699999999999,0.0182,0.0083,-0.057,-0.0592442899999999,-0.0043,0.0015999999999999999,0.014199999999999999,0.0040999999999999995,0.0081999999999999,0.0081,-0.008981,0.007181999999999999,0.0033999999999998996,0.0063999999999999994,-0.02573786,-0.0409,-0.0106999999999999,0.0083,-0.07509748,-0.027700000000000002,-0.0058,0.0213999999999999,-0.029911559999999997,0.0017000000000000001,-1.9000000000000353e-05,-0.0026,-0.0334,-0.10149999999999999,-0.030699999999999998,-0.0312,0.01419,0.0004999999999999996,0.0043,-0.006804,0.013199999999999998,-0.0016000000000000003,-0.0559543299999999,0.0265999999999999,0.05179097,0.010199999999999999,-0.013,0.019699999999999898,0.013300000000000001,0.0019999999999998994,0.0056999999999999,-0.0004000000000000002,-0.00773
2025-01-01,0.0005999999999999998,0.0102999999999999,0.004,0.017,0.0463,-0.00020000000000010027,0.0010999999999999994,-0.020700000000000003,0.042499999999999996,-0.0015900000000000003,0.043099999999999895,0.006500000000000001,-0.0337,0.032299999999999995,0.0094,0.013900000000000001,0.0096,0.005299999999999999,0.0893,0.06803059,0.0423,0.0007000000000000001,-0.0135999999999999,-0.116174,0.0021999999999999997,0.0155999999999999,-0.0133,0.054852109999999996,0.020999999999999998,-0.0017000000000000001,0.0169,0.0056999999999999,0.0167,-0.0026,0.0773459999999999,-0.037917,0.0098,0.0023,0.05155008,0.0305,0.0124,-0.0027,0.04263242,-0.0037,0.0051,-0.0132,-0.01330464,0.0009999999999998994,-0.0011190000000000002,0.0066,-0.0558,0.0761,0.0123,0.02267852,0.015735,0.0027,0.0093,-0.006935,0.0428,0.0029,0.041126779999999995,0.0719,0.046818,0.0004999999999999996,0.011,0.006999999999999999,0.0160999999999999,0.0044999999999999,0.0007999999999999995,-0.0054,0.049329
2025-02-01,0.008199999999999999,-0.01035,0.0203,0.0403,0.0287,-0.0059,-0.015300000000000001,0.0217,-0.011699999999999999,-0.011637999999999999,0.0945999999999999,0.0021999999999999997,-0.0383,-0.0023,-0.0125,-0.0188,0.014599999999999998,0.0002999999999999999,-0.056299999999999996,0.015008029999999999,0.030000000000000002,0.013499999999999998,0.0036999999999999004,-0.065346,-0.0207,0.007500000000000001,0.0048999999999999,-0.045292079999999894,-0.0018,0.0159999999999999,0.0015999999999999999,0.024999999999999998,0.0289,-0.0079999999999999,-0.011411999999999999,-0.048262999999999896,0.005699999999999999,-0.0309,0.031692000000000005,-0.0034,-0.012199999999999999,-0.0204,-0.01814631,0.005699999999999999,0.014699999999999998,0.0087,-0.03637832,0.0013,0.00781,-0.0010999999999999998,0.009500000000000001,-0.0201,0.0177,-0.02328603,-0.002166,-0.0013,-0.0213,0.010647,0.0287,-0.0033,-0.01973586,0.0463999999999999,-0.084589,-0.0114,0.0001999999999998999,-0.0015,0.014599999999999998,0.0,-0.0077,-0.0089999999999999,-0.008631
2025-03-01,0.0020000000000000005,-0.01463,-0.0094,-0.0402,-0.0313999999999999,-0.0308,0.0006999999999998999,0.0426,-0.0831,0.016267,0.1027,0.0022999999999998998,-0.0524,0.0656,-0.018699999999999998,-0.0281,0.0051,-0.0068,-0.1024,-0.06314322,0.0024,-0.0048,-0.022,-0.097855,-0.017399999999999898,-0.004,-0.0241,0.03397298,-0.0286,-0.0175999999999999,0.0013999999999999998,-0.0028,0.009899999999999999,0.0091,-0.078286,-0.030142,0.0012999999999998998,-0.029,-0.0306737199999999,-0.059,-0.0175999999999999,-0.0103999999999999,-0.013153,-0.016399999999999998,0.0043,0.0006000000000000003,-0.015228,-0.0023,0.0047740000000000005,-0.0132999999999999,-0.0737,-0.1137,0.0296,-0.0930214799999999,0.009779,-0.010199999999999999,-0.0114,0.0010469999999999,0.0004000000000000002,-0.0062,-0.0517889999999999,-0.007299999999999999,-0.0518999999999999,-0.0074,-0.0159,-0.0150999999999999,0.0104,-0.0106,-0.0028,-0.0024999999999999996,-0.052733
2025-04-01,-0.0048999999999999,-0.0194999999999999,-0.0129999999999999,0.0240000000000001,0.0145000000000001,-0.0018999999999998998,-9.999999999990008e-05,0.0155000000000001,-0.06799999999999991,-0.0099299999999999,0.10880000000000009,-0.0016999999999999,-0.0044999999999999,0.1502000000000001,-0.0376999999999999,-0.0568999999999998,0.014200000000000101,0.0035000000000000005,-0.0314999999999998,-0.0083298599999999,-0.0076999999999999,-0.0071999999999999,-0.0028999999999999,-0.0418809999999999,-0.0083999999999999,0.0133000000000001,-0.0004999999999998998,0.0781262700000001,-0.0192999999999999,0.0133000000000001,0.005800000000000099,-0.0105999999999998,0.0426000000000001,-0.020899999999999898,0.011564000000000099,-0.0111789999999999,0.0086000000000001,0.0034000000000001,0.0197685400000001,-0.0434999999999999,-0.019199999999999898,0.0246000000000001,0.07004200000000009,0.025500000000000002,0.0030000000000001,-0.0304999999999999,0.0182450000000001,-0.0046999999999999,0.0112540000000001,0.0030000000000001,-0.0901999999999999,-0.0513999999999999,0.0235000000000001,-0.013875379999999899,0.0014930000000001001,-0.0063999999999999,0.0365000000000001,-0.00029299999999999986,0.0364000000000001,-9.999999999990008e-05,0.023252000000000002,0.0336000000000001,0.09330000000000009,0.0065000000000001,-0.0042999999999999,0.0,-0.009299999999999899,-0.0204999999999999,0.0160000000000001,-0.0098999999999999,0.008058
2025-05-01,-0.0053,0.0161,-0.0094999999999999,-0.1011,0.0512,0.0029000000000000002,-0.0041,-0.0098,0.0313,0.06076000000000001,0.050800000000000005,0.0051,0.0092,-0.029899999999999902,-0.044799999999999895,-0.067,0.0455,-0.0027,0.0672,0.06022583000000001,0.01,-0.0021999999999999997,0.023,0.016929,0.026199999999999998,-0.0029,0.029999999999999995,0.13500725,0.0605,0.015799999999999998,0.011000000000000001,-0.0036,0.0228999999999999,-0.0084,0.039901,0.0438959999999999,0.0098,0.0383999999999999,0.05461812,0.0146,0.0317,-0.0081,0.09519,0.022199999999999998,0.025099999999999997,0.0352,0.034312,0.0071,-0.005699,0.0015,0.0712,-0.0556,0.0541999999999999,0.0615865,0.006439,0.015799999999999998,0.006200000000000001,-0.010929,0.0463,0.0022999999999998998,0.094039,0.1606,-0.0238,0.013200000000000002,0.0209,0.016999999999999998,0.026,0.009300000000000001,0.0195999999999999,0.0529,0.025601
2025-06-01,0.0022,0.0283,0.0039000000000000003,0.0553,0.0226,0.0158999999999999,0.0012999999999998998,0.0086,0.0525999999999999,0.0548899999999999,0.0249,0.0043,-0.0254,-0.0398,0.018,0.027,0.0213,0.0133,0.1146,0.0254255999999999,0.024399999999999998,0.0104,-0.0015999999999999999,0.03741,0.0231,0.012,-0.0017,0.0184011899999999,0.0247,-0.013900000000000001,0.0012999999999998998,-0.00039999999999999975,0.0243,-0.011,0.019388,-0.016072,0.0077,0.0276,0.02758821,0.0441999999999999,0.034999999999999996,0.0066,0.061041,0.0545999999999999,0.0049,0.0156,0.006709,0.0040999999999999995,0.00027500000000000007,-0.0029999999999999996,0.0336,-0.0063999999999999994,0.0266,0.06331323999999999,0.005575,0.010499999999999999,0.0496,-0.007507,-0.012,-0.012,0.023308,0.0403,-0.0034999999999999996,-0.001,0.007299999999999999,0.0224,0.024,0.0060999999999999995,0.009899999999999999,0.0129999999999999,0.009617
2025-07-01,0.0005,0.0049,0.030899999999999997,-0.0558,0.0066,0.0242,-0.007599999999999999,0.0176,0.0117,0.01977,-0.001,0.0036999999999999,0.1006,-0.0367,0.005899999999999999,0.0087999999999999,0.012199999999999999,0.0142,0.0416,0.04479358,0.0321,0.0004000000000000002,-0.027,0.030925999999999898,0.0004000000000000002,-9.999999999999983e-05,-0.0294,0.02814079,0.014100000000000001,0.0007999999999999999,0.0064999999999999,0.0182,-0.007499999999999899,-0.0084,-0.015436,0.007063999999999999,0.0049,0.009899999999999999,0.00712785,0.006999999999999999,0.0079999999999999,-0.006899999999999899,0.031582,0.007599999999999999,-0.0078,0.0026000000000000003,0.0108969999999999,-0.0013,0.0021569999999999,0.0015,0.1071,-0.0365,0.0466,0.04502002,-0.0132,0.0107999999999999,-0.0354,-0.018819,-0.0717,-0.0013,0.064347,0.0462,0.0241,0.0051,0.0101,0.026099999999999998,0.015799999999999998,0.0043,0.0166999999999999,-0.0155,-0.010282
2025-08-01,0.0055999999999999,0.0161,0.0333,0.0821,-0.0138,-0.0039,0.0082,-0.0098,0.0979,0.06039,0.016999999999999998,0.006700000000000001,0.026199999999999998,0.0055,-0.0004000000000000002,-0.0007000000000000001,0.048100000000000004,0.007000000000000001,0.0031999999999999004,-0.01993286,0.0091,0.0089,-0.0131999999999999,0.035776,0.0166,0.0106,-0.0094,0.034374550000000004,0.0021,-0.0554999999999999,-0.0005999999999999998,0.026,0.030499999999999996,0.016299999999999898,0.0025689999999999997,-0.024362,0.006200000000000001,-0.001,-0.01086918,0.06910000000000001,0.0032999999999999,0.028399999999999998,-0.011535,0.0412,0.0038,0.0251999999999999,-0.01769,-0.006699999999999999,-0.00536,0.0168,0.0535,0.0591,-0.0107999999999999,0.01226365,0.0199049999999999,0.0035,0.0172,0.004583,0.0153,-0.0015,-0.034333999999999996,0.0218,-0.07529999999999999,0.006200000000000001,0.0166999999999999,-0.0039,0.006099999999999901,0.0022999999999998998,0.0069,0.0117,-0.000526
2025-09-01,0.0005999999999999998,0.031700000000000006,0.0361,0.132,0.0197,0.009000000000000001,0.0215,-0.0002999999999999999,-0.0308,0.042370000000000005,0.0874,0.0011000000000000003,-0.0073,0.0064,0.0385,0.0575,0.09,0.0115,0.045700000000000005,0.0228095599999999,0.0569,0.0034999999999999996,0.005200000000000001,0.033100000000000004,0.0126,0.0056,0.0027,0.01802657,0.0248,0.005999999999999999,0.0058000000000000005,0.024999999999999998,0.014099999999999998,0.0315,0.020690999999999998,-0.0206,0.0031999999999999997,0.012299999999999998,0.0231021399999999,-0.0196999999999999,-0.0075,-0.0016,0.0346899999999999,-0.010399999999999899,0.0062,0.014699999999999998,0.0146299999999999,-9.999999999999983e-05,-0.009291,0.0126,0.1235999999999999,0.0161,0.007699999999999999,0.041635780000000004,0.020219,0.009399999999999999,0.0036999999999999004,-0.0048279999999999,0.0264,0.0171999999999999,0.030090000000000002,-0.0279,0.023799999999999998,0.0027,-0.0059,0.0106999999999999,0.0059,0.0055000000000000005,0.0119,-0.0038,0.013083999999999998
2025-10-01,0.0014000000000000002,0.0265999999999999,0.0010999999999999994,0.19569999999999999,0.007299999999999999,0.0071,0.0096,0.0093,-0.009000000000000001,0.019479999999999997,0.0688,-0.0007000000000000001,-0.0467,0.0091,0.018500000000000003,0.0278,0.0079999999999999,0.0009999999999998994,0.07930000000000001,0.02747309,0.033999999999999996,0.0034999999999999996,0.016,0.014299999999999998,0.004,0.0054,0.019799999999999998,0.06591000000000001,0.007899999999999999,-0.021400000000000002,0.0107,0.0007999999999999995,0.0086,0.0063999999999999994,0.027275,-0.013195,0.0066,0.0072,0.00925722,-0.0009000000000000002,-0.0247,-0.004200000000000001,0.04659,-0.008,-0.0039000000000000003,-0.0157,0.04292,-0.002,-0.003962,-0.0016000000000000003,0.0627,0.08989999999999991,-0.0137,0.025984559999999997,0.01001,0.0005999999999999998,0.0213,0.010101,-0.0215,0.005299999999999999,0.0641899999999999,0.0383,0.1952999999999999,-0.0114,-0.020900000000000002,0.0063,-0.0014000000000000002,-0.0024000000000000002,0.0084,-0.0045000000000000005,0.016641999999999997
2025-11-01,-0.0058,0.008799999999999999,-0.0263,0.1295,-0.016,0.0166,0.0004999999999998998,-0.013000000000000001,0.052599999999999994,0.07418999999999999,0.0963,0.001,-0.0589999999999999,-0.019899999999999998,-0.02,-0.0301,-0.0173,0.010100000000000001,-0.049,-0.02397282,0.010599999999999998,0.0008999999999999998,-0.0002999999999999999,-0.048151,-0.0005,0.0142,0.0068,0.08388,0.0059,-0.0046,-0.0031,-0.0174,0.0174999999999999,0.019,0.0009039999999999999,-0.00578,0.0023,0.017400000000000002,-0.01425858,0.0389,0.014600000000000002,0.0091999999999999,0.032209999999999996,-0.015,0.0125,-0.004,0.0219299999999999,-0.0043,-0.023799999999999998,-0.0035,0.0257,0.12290000000000001,-0.001,0.0141042,0.004345,0.0047,0.009999999999999998,-0.0012500000000001,0.011199999999999901,-0.0046,0.02679,0.08049999999999989,-0.023,0.0029,-0.0047,-0.0217,-0.0021000000000000003,-0.0033,0.013000000000000001,0.028399999999999998,-0.0002630000000000002
2025-12-01,-0.0023,-0.010199999999999999,0.0035999999999999006,0.0178,0.0026000000000000003,0.0049,0.004699999999999999,-0.00039999999999999975,0.0595,0.03578,0.0778,0.0022999999999998998,-0.0593999999999999,-0.0234,0.0158999999999999,0.0236,0.0074,0.014499999999999999,0.0446,-0.005533249999999899,0.0249999999999999,0.0009000000000000002,-0.0072,0.014306,0.0329,-0.004699999999999999,-0.0103,0.041,0.013600000000000001,-0.0057,0.0110999999999999,-9.999999999999983e-05,-0.004,0.0084,-0.000379,-0.019691,-0.00039999999999999975,0.005299999999999999,0.004919119999999999,0.047,0.016,0.0022,0.0148,0.0086,0.0059999999999998995,-0.0124,0.0098,-0.0011999999999999997,-0.001,0.0015,-0.0378,-0.0351,0.0166,0.00278059,0.012144,0.0113,0.0006000000000000003,-0.005996,0.0025,0.0057,0.0021,0.0374,0.0578,0.012199999999999999,0.0052,0.0232,0.0036999999999999,0.0018,0.0077,0.0266,-0.0012079999999999999
2026-01-01,0.005699999999999999,0.015300000000000001,0.0479,-0.0016,0.02,-0.0013000000000000002,0.0083999999999999,0.009999999999999998,0.0428999999999999,0.09709999999999999,0.1306999999999999,0.0034000000000000002,0.008,0.011099999999999999,0.07139999999999999,0.1055,0.021500000000000002,0.0068999999999999,0.030000000000000002,0.012350900000000001,0.0566,0.0027999999999999995,0.013399999999999902,0.00826,0.0055000000000000005,0.0263,0.019099999999999902,0.0324,0.0002999999999999999,-0.003,0.021500000000000002,0.029,0.032299999999999995,0.0269,0.016445,0.0042729999999999,0.0053,0.0218,0.02300447,0.0289,-0.0278,0.0387,0.07809999999999989,-0.031999999999999904,0.0085,-0.008,0.037399999999999996,0.00039999999999999975,0.008799999999999999,0.0114,0.12069999999999989,-0.0403,0.017,0.009399999999999999,0.034908999999999996,-0.0007999999999999999,0.097,0.003613,0.036,0.0027999999999999995,0.0697,0.08009999999999999,0.102,9.999999999999983e-05,0.0030999999999998997,0.045499999999999895,0.006599999999999999,0.005399999999999999,0.015100000000000002,0.019,0.010748
2026-02-01,0.0039000000000000003,-0.0047,0.0095,0.0627,-0.0118,-0.0060999999999999995,0.0109,-0.0097999999999999,-0.0179,-0.01227,0.0675,-0.0021,-0.0068000000000000005,0.0224,0.0514999999999999,0.0775,-0.0112,0.0092,,0.00603774,0.0398,0.005899999999999999,0.0219,0.0186259999999999,0.0005,-0.0005,0.0367999999999999,-0.044899999999999995,-0.0273,-0.0222,0.0115,0.0041999999999999,-0.010700000000000001,0.0287,0.034591000000000004,0.02468,-0.0004000000000000002,-0.0131,-0.01206924,-0.0101,-0.0045,0.042100000000000005,0.0407,-0.0238,-0.0038,0.012199999999999999,-0.0102,-0.0087,0.0013999999999999998,0.001,0.0036999999999999997,-0.0129,-0.0167999999999999,-0.0179,0.015702999999999998,0.005299999999999999,0.0362,0.0235419999999999,-0.0169,-0.0054,0.0439,,0.0332,-9.999999999999983e-05,0.007599999999999999,0.0049,-0.0086,-0.0018,0.0007999999999999999,-0.02,0.020273
